{
    "Precision": 1.0,
    "Recall": 0.7741935483870968,
    "Accuracy": 0.895,
    "F1": 0.8727272727272727
}